<?xml version="1.0" encoding="UTF-8"?>
<metadata modelVersion="1.1.0">
  <groupId>com.cloudfoundry.connector</groupId>
  <artifactId>oracle-connector</artifactId>
  <version>0.1.0-SNAPSHOT</version>
  <versioning>
    <snapshot>
      <timestamp>20170728.082424</timestamp>
      <buildNumber>1</buildNumber>
    </snapshot>
    <lastUpdated>20170728082424</lastUpdated>
    <snapshotVersions>
      <snapshotVersion>
        <extension>jar</extension>
        <value>0.1.0-20170728.082424-1</value>
        <updated>20170728082424</updated>
      </snapshotVersion>
      <snapshotVersion>
        <extension>pom</extension>
        <value>0.1.0-20170728.082424-1</value>
        <updated>20170728082424</updated>
      </snapshotVersion>
    </snapshotVersions>
  </versioning>
</metadata>
