<?xml version="1.0" encoding="UTF-8"?>
<metadata modelVersion="1.1.0">
  <groupId>com.rayfay.bizcloud</groupId>
  <artifactId>react-framework</artifactId>
  <version>1.0-SNAPSHOT</version>
  <versioning>
    <snapshot>
      <timestamp>20171220.063128</timestamp>
      <buildNumber>27</buildNumber>
    </snapshot>
    <lastUpdated>20171220063128</lastUpdated>
    <snapshotVersions>
      <snapshotVersion>
        <extension>jar</extension>
        <value>1.0-20171220.063128-27</value>
        <updated>20171220063128</updated>
      </snapshotVersion>
      <snapshotVersion>
        <extension>pom</extension>
        <value>1.0-20171220.063128-27</value>
        <updated>20171220063128</updated>
      </snapshotVersion>
    </snapshotVersions>
  </versioning>
</metadata>
